{
    "agregar_artesano": "INSERT INTO artesano (comuna_id, descripcion_artesania, nombre, email, celular) VALUES (%s,%s,%s,%s,%s);",
    "listado_artesanos": "SELECT id, comuna_id, descripcion_artesania, nombre, email, celular FROM artesano ORDER BY id DESC;",
    "listado_artesanos_foto": "SELECT artesano.nombre, celular, comuna.nombre, artesano.id FROM artesano, comuna WHERE artesano.comuna_id=comuna.id ORDER BY id DESC;",
    "listado_artesanos_primeros_5": "SELECT id, comuna_id, descripcion_artesania, nombre, email, celular FROM artesano ORDER BY id DESC LIMIT 0, 5;",
    "listado_artesanos_primeros_5_comuna": "SELECT artesano.id, comuna.nombre, descripcion_artesania, artesano.nombre, email, celular FROM artesano, comuna WHERE artesano.comuna_id=comuna.id ORDER BY id DESC LIMIT 0, 5;",
    "listado_artesanos_primeros_5_foto": "SELECT artesano.nombre, celular, comuna.nombre, tipo_artesania.nombre, foto.ruta_archivo, artesano.id FROM artesano, comuna, foto, artesano_tipo, tipo_artesania WHERE artesano.comuna_id=comuna.id AND artesano.id=foto.artesano_id AND artesano.id=artesano_tipo.artesano_id AND tipo_artesania_id=tipo_artesania.id ORDER BY id DESC LIMIT 0, 5;",
    "listado_artesanos_siguientes_5": "SELECT id, comuna_id, descripcion_artesania, nombre, email, celular FROM artesano ORDER BY id DESC LIMIT 5, 5;",
    "listado_artesanos_siguientes_5_comuna": "SELECT artesano.id, comuna.nombre, descripcion_artesania, artesano.nombre, email, celular FROM artesano, comuna WHERE artesano.comuna_id=comuna.id ORDER BY id DESC LIMIT 5, 5;",
    "agregar_artesano_tipo": "INSERT INTO artesano_tipo (artesano_id, tipo_artesania_id) VALUES (%s,%s);",
    "obtener_tipo_artesania": "SELECT TA.nombre FROM tipo_artesania TA, artesano_tipo AT WHERE AT.tipo_artesania_id=TA.id AND AT.artesano_id=%s;",
    "agregar_foto": "INSERT INTO foto (ruta_archivo, nombre_archivo, artesano_id) VALUES (%s,%s,%s);",
    "obtener_foto": "SELECT ruta_archivo FROM foto WHERE artesano_id=%s;",
    "obtener_ultimo_id": "SELECT LAST_INSERT_ID();",
    "obtener_id_artesania": "SELECT id FROM tipo_artesania WHERE nombre=%s;",
    "obtener_id_comuna": "SELECT id FROM comuna WHERE nombre=%s;",
    "obtener_id_region": "SELECT id FROM region WHERE nombre=%s;",
    "obtener_id_artesano": "SELECT id FROM artesano WHERE nombre=%s;",
    "informacion_artesano": "SELECT artesano.nombre, region.nombre, comuna.nombre, artesano.email, artesano.celular FROM artesano, comuna, region WHERE artesano.id=%s AND artesano.comuna_id=comuna.id AND comuna.region_id=region.id;",
    "listar_regiones": "SELECT nombre FROM region;",
    "listar_comunas": "SELECT nombre FROM comuna WHERE region_id=%s;",
    "agregar_hincha": "INSERT INTO hincha (comuna_id, modo_transporte, nombre, email, celular, comentarios) VALUES (%s,%s,%s,%s,%s,%s);",
    "listado_hinchas": "SELECT id, comuna_id, modo_transporte, nombre, email, celular FROM hincha ORDER BY id DESC;",
    "agregar_hincha_deporte": "INSERT INTO hincha_deporte (hincha_id, deporte_id) VALUES (%s,%s);",
    "obtener_id_deporte": "SELECT id FROM deporte WHERE nombre=%s;",
    "obtener_id_hincha": "SELECT id FROM hincha WHERE nombre=%s;",
    "obtener_deportes": "SELECT D.nombre FROM deporte D, hincha_deporte HD WHERE HD.hincha_id=%s AND HD.deporte_id=D.id;",
    "informacion_hinchas": "SELECT hincha.nombre, region.nombre, comuna.nombre, hincha.modo_transporte, hincha.email, hincha.celular FROM hincha, comuna, region WHERE hincha.comuna_id=comuna.id AND comuna.region_id=region.id ORDER BY hincha.id DESC;",
    "info_hincha": "SELECT hincha.nombre, region.nombre, comuna.nombre, hincha.modo_transporte, hincha.email, hincha.celular FROM hincha, comuna, region WHERE hincha.id=%s AND hincha.comuna_id=comuna.id AND comuna.region_id=region.id;",
    "listar_deportes": "SELECT nombre FROM deporte;",
    "hinchas_por_deportes": "SELECT D.nombre, COUNT(HD.hincha_id) FROM hincha_deporte HD, deporte D WHERE HD.deporte_id=D.id GROUP BY HD.deporte_id",
    "artesanos_por_tipo_artesanias": "SELECT T.nombre, COUNT(A.artesano_id) FROM artesano_tipo A, tipo_artesania T WHERE A.tipo_artesania_id=T.id GROUP BY A.tipo_artesania_id"
}